SQL MIN() and MAX() Function
mysql> select min(Sell_price) As SmallestPrice
    -> From product_master;
+---------------+
| SmallestPrice |
+---------------+
|        525.00 |
+---------------+
1 row in set (0.00 sec)

mysql> select max(Sell_price) As LargestPrice
    -> From product_master;
+--------------+
| LargestPrice |
+--------------+
|     12000.00 |
+--------------+
1 row in set (0.00 sec)

mysql> select max(bal_due) As LargestPrice
    -> from client_master;
+--------------+
| LargestPrice |
+--------------+
|     15000.00 |
+--------------+
1 row in set (0.00 sec)

mysql> select min(bal_due) As SmallestPrice
    -> from client_master;
+---------------+
| SmallestPrice |
+---------------+
|          0.00 |
+---------------+
1 row in set (0.00 sec)